path,country,pages,pypdf_chars,pypdf_lang,pypdf_error,fitz_chars,fitz_lang,fitz_error,verdict
plans/_human_review_needed/_incoming_for_review/_unknown_language/AGO/312/CETAC_Huambo_Climate_Leaflet.pdf,AGO,2,0,,too_short (0 chars),0,,too_short (0 chars),still_unknown
plans/_human_review_needed/_incoming_for_review/_unknown_language/CHN/766/sjz-urban-renewal-resilience-report-2023.pdf,CHN,16,0,,too_short (0 chars),0,,too_short (0 chars),still_unknown
plans/_human_review_needed/_incoming_for_review/_unknown_language/CHN/791/Pingdingshan_Gov_Gazette_2023.pdf,CHN,41,0,,too_short (0 chars),0,,too_short (0 chars),still_unknown
plans/_human_review_needed/_incoming_for_review/_unknown_language/CHN/898/Zhongshan-Gov-Bulletin-2023.pdf,CHN,41,0,,too_short (0 chars),0,,too_short (0 chars),still_unknown
plans/_human_review_needed/_incoming_for_review/_unknown_language/CHN/913/zjg-territorial-spatial-planning-implementation.pdf,CHN,107,0,,too_short (0 chars),0,,too_short (0 chars),still_unknown
plans/_human_review_needed/_incoming_for_review/_unknown_language/CHN/929/jinhua-yiwu-economic-social-dev-2024.pdf,CHN,1,0,,too_short (0 chars),0,,too_short (0 chars),still_unknown
plans/_human_review_needed/_incoming_for_review/_unknown_language/COL/78/medellin-risk-management-plan-pmgrd.pdf,COL,38,0,,too_short (0 chars),0,,too_short (0 chars),still_unknown
plans/_human_review_needed/_incoming_for_review/_unknown_language/GHA/203/KMA-Youth-Climate-Action-Fund.pdf,GHA,3,0,,too_short (0 chars),0,,too_short (0 chars),still_unknown
plans/_human_review_needed/_incoming_for_review/_unknown_language/IDN/849/palembang-inswako-kampung-iklim.pdf,IDN,4,0,,too_short (0 chars),0,,too_short (0 chars),still_unknown
plans/_human_review_needed/_incoming_for_review/_unknown_language/IND/580/Gwalior-Heat-Resilience-Analysis-2025.pdf,IND,42,0,,too_short (0 chars),0,,too_short (0 chars),still_unknown
plans/_human_review_needed/_incoming_for_review/_unknown_language/IND/657/Tiruchirappalli-GCoM-Commitment.pdf,IND,2,0,,too_short (0 chars),0,,too_short (0 chars),still_unknown
plans/_human_review_needed/_incoming_for_review/_unknown_language/IND/662/Tirupati-City-Sanitation-Plan.pdf,IND,28,0,,too_short (0 chars),0,,too_short (0 chars),still_unknown
plans/_human_review_needed/_incoming_for_review/_unknown_language/IND/698/ECRICC-coastal-resilience-odisha.pdf,IND,17,0,,too_short (0 chars),0,,too_short (0 chars),still_unknown
plans/_human_review_needed/_incoming_for_review/_unknown_language/ITA/290/Napoli-PAESC-2025.pdf,ITA,13,0,,too_short (0 chars),0,,too_short (0 chars),still_unknown
plans/_human_review_needed/_incoming_for_review/_unknown_language/JPN/1026/Toyama-City-Climate-Policy-Committee-Report-2023.pdf,JPN,3,0,,too_short (0 chars),0,,too_short (0 chars),still_unknown
plans/_human_review_needed/_incoming_for_review/_unknown_language/MEX/10/culiacan-resilience-policy-2022.pdf,MEX,18,0,,too_short (0 chars),0,,too_short (0 chars),still_unknown
plans/_human_review_needed/_incoming_for_review/_unknown_language/MEX/1004/colima-resiliencia-agricola-2024.pdf,MEX,22,0,,too_short (0 chars),0,,too_short (0 chars),still_unknown
plans/_human_review_needed/_incoming_for_review/_unknown_language/MEX/1012/juarez-acta-comision-ecologia-PAC-2020.pdf,MEX,3,7,,too_short (7 chars),7,,too_short (7 chars),still_unknown
plans/_human_review_needed/_incoming_for_review/_unknown_language/MEX/20/leon-consejo-consultivo-ambiental-2025.pdf,MEX,4,0,,too_short (0 chars),0,,too_short (0 chars),still_unknown
plans/_human_review_needed/_incoming_for_review/_unknown_language/MEX/23/Certificadora-Amb-IECCMQ-2023.pdf,MEX,2,0,,too_short (0 chars),0,,too_short (0 chars),still_unknown
plans/_human_review_needed/_incoming_for_review/_unknown_language/MEX/39/Programa-Municipal-Desarrollo-Urbano-Veracruz-Clima.pdf,MEX,247,0,,too_short (0 chars),0,,too_short (0 chars),still_unknown
plans/_human_review_needed/_incoming_for_review/_unknown_language/POL/308/krakow-plan-adaptacji-dokument-strategiczny.pdf,POL,150,0,,too_short (0 chars),0,,too_short (0 chars),still_unknown
plans/_human_review_needed/_incoming_for_review/_unknown_language/RUS/389/Volga-District-Climate-Adaptation-Overview-2022.pdf,RUS,16,1,,too_short (1 chars),1,,too_short (1 chars),still_unknown
plans/_human_review_needed/_incoming_for_review/_unknown_language/TWN/959/Tainan-Climate-Adaptation-Implementation-2026.pdf,TWN,2,0,,too_short (0 chars),0,,too_short (0 chars),still_unknown
plans/_human_review_needed/_incoming_for_review/_unknown_language/USA/1031/Honolulu-ADAPT-2050-Waikiki.pdf,USA,2,0,,too_short (0 chars),0,,too_short (0 chars),still_unknown
plans/_human_review_needed/_incoming_for_review/_unknown_language/VNM/809/haiphong-climate-adaptation-urban-planning-2026.pdf,VNM,50,0,,too_short (0 chars),0,,too_short (0 chars),still_unknown
plans/_incoming_for_review/_unknown_language/CHN/1007/Deyang-Resilience-Strategy-English.pdf,CHN,20,0,,too_short (0 chars),0,,too_short (0 chars),still_unknown
plans/_incoming_for_review/_unknown_language/CHN/1007/Deyang-Resilience-Strategy-English.pdf,CHN,20,0,,too_short (0 chars),0,,too_short (0 chars),still_unknown
plans/_incoming_for_review/_unknown_language/CHN/1007/sichuan-climate-adaptation-plan-2025-2035.pdf,CHN,18,0,,too_short (0 chars),0,,too_short (0 chars),still_unknown
plans/_incoming_for_review/_unknown_language/CHN/1007/sichuan-climate-adaptation-plan-2025-2035.pdf,CHN,18,0,,too_short (0 chars),0,,too_short (0 chars),still_unknown
plans/_incoming_for_review/_unknown_language/CHN/749/Datong-Climate-Adaptation-Plan-2024-2025.pdf,CHN,28,0,,too_short (0 chars),0,,too_short (0 chars),still_unknown
plans/_incoming_for_review/_unknown_language/CHN/749/Datong-Climate-Adaptation-Plan-2024-2025.pdf,CHN,28,0,,too_short (0 chars),0,,too_short (0 chars),still_unknown
plans/_incoming_for_review/_unknown_language/CHN/773/henan-14th-fy-environmental-adaptation-plan.pdf,CHN,71,0,,too_short (0 chars),0,,too_short (0 chars),still_unknown
plans/_incoming_for_review/_unknown_language/CHN/773/henan-14th-fy-environmental-adaptation-plan.pdf,CHN,71,0,,too_short (0 chars),0,,too_short (0 chars),still_unknown
plans/_incoming_for_review/_unknown_language/CHN/793/fuxin-haizhou-disaster-resilience-plan.pdf,CHN,6,0,,too_short (0 chars),0,,too_short (0 chars),still_unknown
plans/_incoming_for_review/_unknown_language/CHN/793/fuxin-haizhou-disaster-resilience-plan.pdf,CHN,6,0,,too_short (0 chars),0,,too_short (0 chars),still_unknown
plans/_incoming_for_review/_unknown_language/CHN/797/Xuchang-Sponge-City-Plan-2016-2030.pdf,CHN,4,0,,too_short (0 chars),0,,too_short (0 chars),still_unknown
plans/_incoming_for_review/_unknown_language/CHN/797/Xuchang-Sponge-City-Plan-2016-2030.pdf,CHN,4,0,,too_short (0 chars),0,,too_short (0 chars),still_unknown
plans/_incoming_for_review/_unknown_language/CHN/833/yiyang-14th-fyp-climate-adaptation-plan.pdf,CHN,3,0,,too_short (0 chars),0,,too_short (0 chars),still_unknown
plans/_incoming_for_review/_unknown_language/CHN/833/yiyang-14th-fyp-climate-adaptation-plan.pdf,CHN,3,0,,too_short (0 chars),0,,too_short (0 chars),still_unknown
plans/_incoming_for_review/_unknown_language/CHN/841/Wuhan-Meteorological-Hazard-Mitigation-Plan-2015-2020.pdf,CHN,14,0,,too_short (0 chars),0,,too_short (0 chars),still_unknown
plans/_incoming_for_review/_unknown_language/CHN/841/Wuhan-Meteorological-Hazard-Mitigation-Plan-2015-2020.pdf,CHN,14,0,,too_short (0 chars),0,,too_short (0 chars),still_unknown
plans/_incoming_for_review/_unknown_language/CHN/859/Huangshi-Resilience-Strategy-English.pdf,CHN,46,0,,too_short (0 chars),0,,too_short (0 chars),still_unknown
plans/_incoming_for_review/_unknown_language/CHN/859/Huangshi-Resilience-Strategy-English.pdf,CHN,46,0,,too_short (0 chars),0,,too_short (0 chars),still_unknown
plans/_incoming_for_review/_unknown_language/CHN/859/Huangshi-Resilience-Strategy.pdf,CHN,44,0,,too_short (0 chars),0,,too_short (0 chars),still_unknown
plans/_incoming_for_review/_unknown_language/CHN/859/Huangshi-Resilience-Strategy.pdf,CHN,44,0,,too_short (0 chars),0,,too_short (0 chars),still_unknown
plans/_incoming_for_review/_unknown_language/COL/72/Decreto-402-2023-Cali-Cambio-Climatico.pdf,COL,12,0,,too_short (0 chars),0,,too_short (0 chars),still_unknown
plans/_incoming_for_review/_unknown_language/COL/72/Decreto-402-2023-Cali-Cambio-Climatico.pdf,COL,12,0,,too_short (0 chars),0,,too_short (0 chars),still_unknown
plans/_incoming_for_review/_unknown_language/COL/92/Cucuta-Decreto-0129-2021-PMGRD-Adaptacion-Climatica.pdf,COL,5,0,,too_short (0 chars),0,,too_short (0 chars),still_unknown
plans/_incoming_for_review/_unknown_language/COL/92/Cucuta-Decreto-0129-2021-PMGRD-Adaptacion-Climatica.pdf,COL,5,0,,too_short (0 chars),0,,too_short (0 chars),still_unknown
plans/_incoming_for_review/_unknown_language/IDN/962/banjarmasin-rencana-aksi-ketahanan-iklim.pdf,IDN,12,0,,too_short (0 chars),0,,too_short (0 chars),still_unknown
plans/_incoming_for_review/_unknown_language/IDN/962/banjarmasin-rencana-aksi-ketahanan-iklim.pdf,IDN,12,0,,too_short (0 chars),0,,too_short (0 chars),still_unknown
plans/_incoming_for_review/_unknown_language/IDN/962/banjarmasin-sk-tim-rencana-aksi-iklim.pdf,IDN,11,0,,too_short (0 chars),0,,too_short (0 chars),still_unknown
plans/_incoming_for_review/_unknown_language/IDN/962/banjarmasin-sk-tim-rencana-aksi-iklim.pdf,IDN,11,0,,too_short (0 chars),0,,too_short (0 chars),still_unknown
plans/_incoming_for_review/_unknown_language/IND/538/Udaipur-Covenant-of-Mayors-Climate-Profile.pdf,IND,2,0,,too_short (0 chars),0,,too_short (0 chars),still_unknown
plans/_incoming_for_review/_unknown_language/IND/538/Udaipur-Covenant-of-Mayors-Climate-Profile.pdf,IND,2,0,,too_short (0 chars),0,,too_short (0 chars),still_unknown
plans/_incoming_for_review/_unknown_language/IND/617/lucknow-city-heat-action-plan-2025.pdf,IND,100,0,,too_short (0 chars),0,,too_short (0 chars),still_unknown
plans/_incoming_for_review/_unknown_language/IND/617/lucknow-city-heat-action-plan-2025.pdf,IND,100,0,,too_short (0 chars),0,,too_short (0 chars),still_unknown
plans/_incoming_for_review/_unknown_language/IND/632/Telangana-Hyderabad-Cool-Roof-Policy-2023.pdf,IND,36,0,,too_short (0 chars),0,,too_short (0 chars),still_unknown
plans/_incoming_for_review/_unknown_language/IND/632/Telangana-Hyderabad-Cool-Roof-Policy-2023.pdf,IND,36,0,,too_short (0 chars),0,,too_short (0 chars),still_unknown
plans/_incoming_for_review/_unknown_language/IND/690/ADB-Visakhapatnam-Resilience-Vulnerability-Analysis.pdf,IND,10,0,,too_short (0 chars),0,,too_short (0 chars),still_unknown
plans/_incoming_for_review/_unknown_language/IND/690/ADB-Visakhapatnam-Resilience-Vulnerability-Analysis.pdf,IND,10,0,,too_short (0 chars),0,,too_short (0 chars),still_unknown
plans/_incoming_for_review/_unknown_language/JPN/985/hamamatsu-local-adaptation-framework.pdf,JPN,14,0,,too_short (0 chars),0,,too_short (0 chars),still_unknown
plans/_incoming_for_review/_unknown_language/JPN/985/hamamatsu-local-adaptation-framework.pdf,JPN,14,0,,too_short (0 chars),0,,too_short (0 chars),still_unknown
plans/_incoming_for_review/_unknown_language/KOR/940/Jeonju-3rd-Climate-Adaptation-Plan-2025-2029.pdf,KOR,1,0,,too_short (0 chars),0,,too_short (0 chars),still_unknown
plans/_incoming_for_review/_unknown_language/KOR/940/Jeonju-3rd-Climate-Adaptation-Plan-2025-2029.pdf,KOR,1,0,,too_short (0 chars),0,,too_short (0 chars),still_unknown
plans/_incoming_for_review/_unknown_language/MEX/8/Mexicali-IMIP-Resiliencia-Urbana.pdf,MEX,5,0,,too_short (0 chars),0,,too_short (0 chars),still_unknown
plans/_incoming_for_review/_unknown_language/MEX/8/Mexicali-IMIP-Resiliencia-Urbana.pdf,MEX,5,0,,too_short (0 chars),0,,too_short (0 chars),still_unknown
plans/_incoming_for_review/_unknown_language/PHL/974/QC-Enhanced-LCCAP-2021-2050.pdf,PHL,4,0,,too_short (0 chars),0,,too_short (0 chars),still_unknown
plans/_incoming_for_review/_unknown_language/PHL/974/QC-Enhanced-LCCAP-2021-2050.pdf,PHL,4,0,,too_short (0 chars),0,,too_short (0 chars),still_unknown
plans/_incoming_for_review/_unknown_language/TUR/388/mersin-iklim-eylem-ve-uyum-plani-2025-2029.pdf,TUR,86,0,,too_short (0 chars),0,,too_short (0 chars),still_unknown
plans/_incoming_for_review/_unknown_language/TUR/388/mersin-iklim-eylem-ve-uyum-plani-2025-2029.pdf,TUR,86,0,,too_short (0 chars),0,,too_short (0 chars),still_unknown
plans/_incoming_for_review/_unknown_language/USA/33/Salt-Lake-County-Climate-Adaptation-Plan-Public-Health.pdf,USA,45,22070,,langdetect: No features in text.,21450,,langdetect: No features in text.,still_unknown
plans/_incoming_for_review/_unknown_language/USA/33/Salt-Lake-County-Climate-Adaptation-Plan-Public-Health.pdf,USA,45,22070,,langdetect: No features in text.,21450,,langdetect: No features in text.,still_unknown
plans/_rejected/_incoming_for_review/_unknown_language/CHN/747/Sichuan-Qinghai-Tibet-Climate-Adaptation-2025-2035.pdf,CHN,18,0,,too_short (0 chars),0,,too_short (0 chars),still_unknown
plans/_rejected/_incoming_for_review/_unknown_language/CHN/786/henan-14th-five-year-ecology-climate-plan.pdf,CHN,71,0,,too_short (0 chars),0,,too_short (0 chars),still_unknown
plans/_rejected/_incoming_for_review/_unknown_language/CHN/814/Henan-14th-FYP-Ecological-Protection.pdf,CHN,71,0,,too_short (0 chars),0,,too_short (0 chars),still_unknown
plans/_rejected/_incoming_for_review/_unknown_language/RUS/472/Tyumen-Region-Environmental-Plan-2021.pdf,RUS,14,0,,too_short (0 chars),0,,too_short (0 chars),still_unknown
